epoch,train_loss,train_accuracy,val_loss,val_accuracy,epoch_seconds,head_lr,backbone_lr
1,0.43082056099023575,0.8525641025641025,0.11936451660262214,1.0,2.111077992999981,0.001,0.0001
2,0.09089922694823681,1.0,0.00516999036901527,1.0,2.0408424550000746,0.0009755282581475768,9.755282581475769e-05
3,0.03340356453106953,1.0,0.0010522454977035522,1.0,2.0729879830000755,0.0009045084971874736,9.045084971874737e-05
4,0.012025410690022489,1.0,0.0008525098205104263,1.0,2.0127633699999024,0.0007938926261462366,7.938926261462366e-05
5,0.015490749773258964,0.9935897435897436,0.0005874224556868689,1.0,2.037094811000088,0.0006545084971874737,6.545084971874737e-05
6,0.015628471946678102,1.0,0.00036556106836845476,1.0,2.0473250769998685,0.0005,4.9999999999999996e-05
7,0.005959703246704661,1.0,0.000308177149337199,1.0,2.059263073000011,0.00034549150281252633,3.454915028125263e-05
8,0.004602422875065643,1.0,0.00031697824468008347,1.0,2.043873091000023,0.0002061073738537635,2.0610737385376345e-05
9,0.008987377096230213,1.0,0.0003119178258606957,1.0,2.0261857259999942,9.549150281252634e-05,9.549150281252631e-06
10,0.007245833764616878,1.0,0.0003469048145537575,1.0,2.0516197999997985,2.4471741852423235e-05,2.447174185242323e-06
